writer_id,writer_name
1979053,Peter Jackson
1999579,J.R.R. Tolkien
1977726,Stephenie Meyer
1977725,Melissa Rosenberg
1100567,Mohamed Abdel Khalek
2002860,Christopher McQuarrie
2101496,Lee Child
2012377,Sergio G. Sánchez
1101764,Mohamed Samir Mabrouk
1101296,Khaled Galal
1100299,Amr Salama
2004157,Michael J. Bassett
2008575,Ian Fleming
1998759,John Logan
2006784,Andrew Dominik
2006785,George V. Higgins
2008499,Scott Derrickson
2008500,C. Robert Cargill
2012608,Kevin Hageman
2012607,Dan Hageman
1106776,Peter Mimi
2007611,Chris Terrio
2012991,Joshuah Bearman
2016581,Mohamed Farouk
1100066,Ahmed Abdullah
2007350,Salah El Geheiny
1998621,David O. Russell
2006850,Matthew Quick
2013717,Claude-Michel Schönberg
2006286,Alain Boublil
2014495,Marc Moss
2013260,David Magee
2013259,Yann Martel
1112994,Judd Apatow
1070999,Tamer Ibrahim
1112747,Quentin Tarantino
2006299,Adam Marcus
2081995,Debra Sullivan
1065477,Wael Abdullah
1101881,Hossam Mousa
2008505,Isaac Marion
2003329,Jonathan Levine
2007042,Tommy Wirkola
1994525,Roderick Thorp
2000581,Skip Woods
1994561,Ethan Coen
1994562,Joel Coen
2005104,Brian Tucker
2016301,Doris Kearns Goodwin
2016300,Tony Kushner
1996447,Dan Fogelman
2016394,Andres Muschietti
2016395,Neil Cross
2008603,Will Beall
2008604,Paul Lieberman
1100029,Mohamed Amin
2019813,Mitchell Kapner
2022696,David Lindsay-Abaire
2007422,Dana Stevens
2202678,Gage Lansky
2019165,Scott Z. Burns
2001720,Mukunda Michael Dewil
1993721,Allan Loeb
2023238,Steven Pearl
2021247,Fridrik Erlingsson
2021246,Toby Genkel
1981263,Chris Sanders
2125860,Shane Prigmore
1977432,Habi Mohammad Seoud
2028127,Ahmad Amer
2021552,Creighton Rothenberger
2021553,Katrin Benedikt
1979115,Darren Lemke
1979278,Rhett Reese
2007246,Paul Wernick
1106756,Moustafa Youssef
1072283,Amir Ramses
2021012,Damien Chazelle
2021011,Ed Gass-Donnelly
2016531,Kami Garcia
2022029,Richard LaGravenese
1981764,William Monahan
1994357,Joseph Kosinski
2000642,Andrew Niccol
2021725,Justin Haythe
2001000,Scott Charles Stewart
1100721,Ayman Bahgat Amar
2012843,J.H. Wyman
2060994,Pete Collins
1996374,Christopher Markus
1004865,Mohamed Nabawi
1061893,Sameh Ser Al Khetum
2016400,Drew Pearce
2025047,Steven Knight
1994538,Craig Pearce
1993766,Baz Luhrmann
1995965,Chris Morgan
1994251,Gary Scott Thompson
1995111,Matt Ember
2007414,William Joyce
1981885,Alaa Elsherif
2018927,Keith Allen
1112339,Todd Phillips
1995823,Craig Mazin
1983377,Boaz Yakin
2001238,Ed Solomon
2010510,Michael Crichton
1996644,David Koepp
1112875,Mohamed Nasser Ali
1101311,Nadine Khan
1981363,Mostafa Salem
2025881,Aliaa Kibaly
1982557,Christopher Nolan
2000255,David S. Goyer
1100871,Sameh Abu Al Ghar
1099929,Mostafa Elsobky
1990555,M. Night Shyamalan
1182228,Will Smith
2099859,Daniel Gerson
1997052,Pete Docter
2006775,Max Brooks
2004746,Damon Lindelof
2014349,Maggie Morgan
2022186,Jared Stern
1995879,Vince Vaughn
2003780,James DeMonaco
1995320,James Vanderbilt
1101308,Sayed El Sobky
1033316,Omar Taher
1980579,Travis Beacham
1113118,Karey Kirkpatrick
2005378,David Ronn
2028347,Fred Wolf
2000685,Cinco Paul
1990694,Ken Daurio
1113034,Carey W. Hayes
2022847,Chad Hayes
2027069,Niall Horan
2027071,Zayn Malik
2027072,Liam Payne
2027068,Harry Styles
2027070,Louis Tomlinson
2263499,Jon Shone
1113032,Erich Hoeber
2058003,Cully Hamner
2057072,Svet Rouskov
2057071,Jeff Renfroe
2001191,Ken Wheat
1979069,David Twohy
2010580,Bob Fisher
2010581,Steve Faber
2021596,Matt Whiteley
2023595,Mark Millar
2014689,Jeff Wadlow
1993835,Mark Bomback
2006032,James Wan
2006035,Leigh Whannell
2056737,Sajid
2023565,Farhad Samji
2002780,John Lasseter
2025698,Jonás Cuarón
2025696,Alfonso Cuarón
1977130,Karim Fahmy
1104674,Ibrahim Fakhr
2056481,Steven Grant
2056475,Blake Masters
1997901,Richard Curtis
1978662,Neill Blomkamp
2001917,Luc Besson
2016184,Billy Ray
2059719,Miles Chapman
2004829,Jason Keller
2006936,Gavin Hood
2006937,Orson Scott Card
2024694,Christopher L. Yost
2058321,Aaron Guzikowski
2006495,Phil Lord
2057963,Jonathan Goldstein
2058196,Sean Finegan
2058197,Gregg Maxwell Parker
2013683,Johnny Knoxville
2025873,Spike Jonze
2059732,Danny Strong
2061117,Christian Taylor
2061118,Matthew Huffman
2057857,Adam Brooks
2057101,David Levien
1997088,Brian Koppelman
1100055,Ahmed Abdullah
2007277,Simon Beaufoy
1981802,Michael Arndt
2004415,Ken Scott
2012606,David I. stern
2028717,Stephen Jeffreys
2011268,Ariel Vromen
2011269,Morgan Land
2022143,Garrett K. Schiff
1067669,Ahmed El Nahas
1979875,Hazem Metwali
2003586,Guillermo del Toro
1994696,Chris Buck
1996446,Nathan Greno
2059035,Scott Walker
1997194,Hossein Amini
2060743,Mohammed El Hajj
1992263,Mahmoud Ezzat
2062382,Edgar Rice Burroughs
2006566,Reinhard Klooss
2058650,Terence Winter
1996776,Ben Stiller
2004259,Steve Conrad
2062625,Vijay Krishna Acharya
1982543,Aditya Chopra
1994416,William Nicholson
2062073,Daniel Giat
2062081,Sean Hood
1982697,Scott Cooper
2062097,Brad Ingelsby
1109093,Tarek Abd El Moaty
2005613,Tracy Letts
1997530,Stuart Beattie
2062356,Mary Shelley
2059760,Tom Clancy
2056962,John Collee
2008697,Gerry Swallow
2026675,Mohamed Abdel Kader
2059237,Tim Kelleher
2059238,Doug Ellin
1978458,Ihab Nasser
2068207,Lindsay Devlin
2013122,Mohamed Allam
1993246,Peter Berg
2063683,Mohamed Abdel Moati
1994398,Christopher Landon
2013786,Steve McQueen
2061343,John Ridley
2055557,Mary Jo Smith
2002870,Kelly Marcel
2069580,Greg Coolidge
2069581,Jason Mantzoukas
2057698,Edward Neumeier
2057694,Nick Schenk
2062546,Shana Feste
2062547,Joshua Safran
2063254,Michael Robert Johnson
2026180,Julian Fellowes
2069572,Eric Warren Singer
1981293,Adi Hasak
2029682,Akiva Goldsman
2059264,Mark Helprin
2001954,Eric Heisserer
2009720,Alexandre Desplat
1979370,George Clooney
2010241,Nader Saifaldeen
1996512,Leslye Headland
2006135,Kurt Johnstad
1990369,Zack Snyder
2067697,Thomas Szabo
2067698,Hélène Giraud
2061277,Christopher Roach
2061278,Ryan Engle
2058833,Ted Key
2058834,Craig Wright
2006225,William Brent Bell
2011609,Matthew Peterman
1072084,Mohamed Refaat
1020067,Wesam Soliman
1999034,John Gatins
2059267,George Gatins
2064893,Jim Mickle
2056739,Evan Daugherty
2020645,Sheng Ding
1994423,Aaron Seltzer
1976871,Ali El Gendy
2003909,Stephen McFeely
1997062,Carlos Saldanha
2068586,Carlos Kotkin
2069911,Mike Flanagan
2069912,Jeff Howard
1996756,David Ayer
2029110,Skip Woods
1100278,Loai El Sayed
1052458,Ahmed Essa
2010595,Wally Pfister
2022931,Jack Paglen
2070419,Peggy Holmes
2059272,Melissa Stack
2069771,Sean Keller
2072711,Jim Agnew
2020860,Abdel Moneim Taha
2068996,Mohamed Reda
1994773,Alex Kurtzman
2015850,Roberto Orci
2068246,John Pogue
2018589,Hala Lotfy
2063504,Andrew Barrer
2010361,Steven Brill
2065433,Bennett Yellin
2119634,James Robert Johnston
1991579,Dave Callaham
2016264,Frank Darabont
2059228,Arash Amel
1112788,Zayed Naif
2001172,Bryan Singer
1978874,Simon Kinberg
2119286,Dan Wiedenhaupt
2070602,Eddie Borey
1107841,Hesham Yahya
2069775,Tony Nabiah
1979298,Linda Woolverton
2062914,Ivan Menchell
2023986,Clare Sera
1983929,Robert Mark Kamen
2007064,Hiroshi Sakurazaka
2015353,Joby Harold
2001003,Wes Anderson
1981264,Cressida Cowell
1981262,Dean DeBlois
1995924,Paul Haggis
1995715,Michael Bacall
2081833,Oren Uziel
2024344,Scott Neustadter
2081494,Michael H. Weber
1978908,David A. Newman
2007188,Steve Harvey
2001177,Pierre Boulle
2073896,Jeffrey M. Howard
2000432,Ehren Kruger
1100133,Chico
1104803,Mostafa Sakr
2012950,Ahmed Mourad
2028499,Mustafa Helmy
2090508,Emily Meyer
1993505,Amy Andelson
1991576,Sylvester Stallone
1995844,James Gunn
2072165,John Swetnam
1982156,Duane Adler
1997645,Evan Spiliotopoulos
2023652,Ryan J. Condal
2072497,Bill Granger
2072496,Michael Finch
2069868,John Carney
2069880,Paul Harris Boardman
2074795,Richard C. Morais
1983160,Mohamed Qenawy
1982859,Josh Appelbaum
2069903,Kevin Eastman
2007193,Shauna Cross
2072505,Gayle Forman
2009842,Aimee Lagos
2075079,Anthony Jaswinski
1994062,John Erick Dowdle
2070779,Drew Dowdle
2022315,Richard Wenk
2124281,Michael Sloan
1045331,Mohamed Diab
1109666,Khaled Diab
2022612,Ahmed Jamal Al Sanusi
1100180,Abd Elwahed Elashry
1066119,Nader Salah Al Din
2074729,Rafik Makram
2070200,Matt Sazama
2070201,Burk Sharpless
2069345,Noah Oppenheim
2080938,T.S. Nowlin
1982275,Nicholas Sparks
1981782,Will Fetters
2030209,Scott Frank
2072177,Lawrence Block
2073339,Andre Fabrizio
2016419,Jeremy Passmore
2073898,Gary Dauberman
2072212,Paul Lalonde
2072213,John Patus
2066101,Irena Brignull
2066102,Alan Snow
2070256,Gillian Flynn
2065874,Derek Kolstad
1998155,Luke Greenfield
2074747,Nicholas Thomas
2013533,Juliet Snowden
2075777,Stiles White
2012487,Jonathan Nolan
2071989,Jordan Roberts
1978805,Don Hall
2076626,Juliette Towhidi
2076627,Cecelia Ahern
2064454,David Hayter
1022759,Mohamed Hefzy
1983519,Sean Anders
2060986,John Morris
2074770,Felipe Braga
2004742,Suzanne Collins
2010506,Daniel Taplitz
2070770,Robert Ben Garant
2072894,Brandon Sawyer
2072893,John Aboud
2021334,Simon Barrett
2011072,Jamie Nash
2071893,Adam Balsam
2071894,Randi Barnes
2070269,Bill Dubuque
2008105,Dan Gilroy
2025125,Andrea Seigel
2064894,Nick Damici
2064895,Jim Mickle
2071110,S.J. Watson
2071106,Rowan Joffe
2206738,Doug Buchanan
2078452,Greg Francis
2074874,Paul Schrader
1112407,Thomas Lennon
2070769,Sherine Diab
2064540,Peter Sattler
2074200,James Lapine
1034366,Amani Elbahtiti
1995969,Aline Brosh McKenna
2057971,Thomas Meehan
2074885,Daniel Meersand
2074886,Nick Simon
2057626,Farah Khan
2078106,Andrew Knight
2078105,Andrew Anastasios
2013961,J.M. Barrie
2056467,Joseph Delaney
2056468,Max Borenstein
2079150,Graham Moore
2078202,Martha Holmes
2078201,Guy Holmes
2074774,Jon Croker
2074775,Adrian Rawlins
1100099,Ibrahim El Batout
2063235,Paul King
2111288,Michael Bond
1993430,Mohammad Samy
2078213,Moatz Fteha
2056904,Jason Hall
2076193,Chris Kyle
1112025,Abdel Rahman Fahmy
1087034,Wahid Hamed
1028261,Tamer Habib
2074549,Eric Aronson
2011144,Anthony McCarten
2080280,Jane Hawking
1002388,Mohamed Salah Abo Seif
2078195,Matthias Bauer
2078194,Bastian Zach
1112768,Michael Mann
2075790,Morgan Davis Foehl
2004254,Lilly Wachowski
2015349,Lana Wachowski
2080637,Marsha Griffin
1101325,Mohamed Nayer
2067981,William Goldman
2075199,Barbara Curry
1994667,Jane Goldman
1994666,Matthew Vaughn
2079557,Chris Shafer
2079558,Paul Vicknair
2066085,Stephen Hillenburg
2066084,Jonathan Aibel
1999298,Glenn Ficarra
2076185,John Requa
2081643,Mohamed Sayed Kenawi
2081266,Omar Sami
2075481,Lisa Genova
2075446,Wash Westmoreland
2006492,Karl Mueller
2077146,Terri Tatchell
2074759,James Dormer
2006301,Alejandro G. Iñárritu
2023039,Nicolás Giacobone
2076182,Dennis Kelly
2079469,Jeremy Garelick
2079470,Jay Lavender
1977724,Chris Weitz
2079176,Bart De Pauw
1982929,Wesley Strick
2078017,Josh A. Cagan
2078016,Kody Keplinger
2027602,E.L. James
2004823,Pete Travis
2079189,Jean-Patrick Manchette
2013909,Nicholas McCarthy
2021525,Tom J. Astle
2012982,Ben Stassen
2071792,James Flynn
2080244,Jeremy Slater
2080243,Luke Dawson
2081311,Edgar Allan Poe
2081303,Joe Gangemi
1994689,Alex Garland
1014111,Hesham Maged
2063258,Tom McCarthy
2077796,Paul Sado
1112213,Mark Burton
2079270,Richard Starzak
1106793,Hesham Ismail
2015428,Craig Bolotin
1990377,Kevin James
2003563,Nick Bakay
2083842,Yasser Abdel Basset
2077692,John D'Arco
2077255,Etan Cohen
2029507,Ian Roberts
2201446,Matt Johnson
2076722,T.J. Scott
2081081,Richard Price
2080736,Tom Rob Smith
2084382,Amr Ali
1981389,Salma El Tarzi
1999268,Joss Whedon
1997519,Jack Kirby
2078054,Salvador Paskowitz
2078053,J. Mills Goodloe
2005802,Ol Parker
2082590,Dove Sussman
1995855,Michael Konyves
2079798,David Feeney
2079799,John Quaintance
1994476,Chris Sparling
2073662,Nick Lathouris
2073663,Brendan McCarthy
2016040,Kay Cannon
2016041,Mickey Rapkin
2021178,Richard D'Ovidio
2080448,William Brookfield
2080447,Peter R. de Vries
1999301,Steven Spielberg
1982858,Brad Bird
2083737,Jonathan Brackley
2083735,Sam Vincent
2080294,Aleksey Zamyslov
2080291,Aleksey Tsitsilin
2080478,Nelson Greaves
2082054,John Scott 3
2079918,Jalmari Helander
2001710,Paul Feig
2082105,Philip Shelby
2014629,Amanda Silver
2022935,Rick Jaffa
2082514,David Robert Mitchell
2078327,Rustam Branaman
2079618,Ajey Jhankar
2025174,Roland Joffé
2066077,Brian Lynch
1978337,Laeta Kalogridis
1994905,Patrick Lussier
1755885,Mohamed Soliman Abdul Malek
2076668,Fady Abu El Saud
2080887,Christopher Borrelli
2005949,Timothy Dowling
1112990,Adam Sandler
1993429,Adam McKay
2072716,Joe Cornish
2122407,Ahmed Adel Sultan
2011612,Seth MacFarlane
2081017,Alec Sulkin
2081913,Chris Lofing
2081912,Travis Cluff
2095490,Meg LeFauve
1995429,Bruce Geller
2082051,John Green
1990945,Mostafa Hamdy
2079575,Matthew Newman
2083641,Ivan Kavanagh
1978871,Guy Ritchie
2080262,Jeff Kleeman
2015224,Kurt Sutter
2086019,Amy Schumer
2059695,Kyle Ward
2086166,Meaghan Oppenheimer
2086164,Max Joseph
2077729,Adam Cooper
2002659,John Francis Daley
2066214,Javier Gullón
1982144,David Pastor
2082872,Dean Craig
1046535,Adel Adeeb
2086792,Tyger Williams
2081769,James Dashner
1023558,Walid Youssef
2001933,Lem Dobbs
2004425,Joel Edgerton
1102225,Amr Samir Atef
1982230,Mohamed Ismail Amin
2004385,Robert Smigel
2079088,Christopher Browne
2079089,Philippe Petit
1979032,Nancy Meyers
2087594,Austin Stark
2087646,Emily Jerome
2076685,Andy Weir
1996516,Drew Goddard
2084405,Taylor Sheridan
2092565,S. Leigh Savidge
2092566,Alan Wenkus
2080267,Mark Mallouk
2081644,Lucinda Coxon
1982143,Àlex Pastor
2091443,David Cairns
2091444,Fiona Watson
1996848,Jeffrey Hatcher
1993271,Bill Condon
2001001,Cory Goodman
2093490,Brantley Aufill
2004721,Oren Peli
2012500,Jason Fuchs
2006362,Max Landis
2010471,Scott Alexander
2023741,Larry Karaszewski
1981140,Brian Helgeland
2121933,John Pearson
2082525,Gilles Paquet-Brenner
2083300,Jon Watts
2013056,Christopher Ford
1983445,Jez Butterworth
2089242,Richie Conroy
2094439,Michael Kalesniko
2090180,Dan Kay
2086163,Max Adams
2086222,Stephen Cyrus Sepher
2024631,Peter Craig
1994066,Aaron Sorkin
2080835,Eduardo Sacheri
2085064,Mike Nguyen Le
2076664,Amy Kolquist
2084435,Antoine de Saint-Exupéry
2090360,Donald Roman Lopez
2090359,Shea Fontana
2076503,Nathaniel Philbrick
2095489,Erik Benson
1049024,Daoud Abdel Sayed
2014890,Michael Dougherty
2083493,Todd Casey
2015671,Todd Louiso
2084560,Jacob Koskoff
1993533,J.J. Abrams
2023260,Lawrence Kasdan
1993432,Ahmed Abdel Fattah
1379153,Angelina Jolie
2010688,Jose Rivera
2089021,Hector Tobar
2077254,Brian Burns
2012736,Annie Mumolo
1983388,Kurt Wimmer
2195052,Umair Aleem
2078009,Bryan Schulz
2078011,Craig Schulz
2066415,Steven Rogers
1994623,Steven Rogers
1993658,Mohamed Amin Rady
2087044,Ben Ketai
2087219,Nick Antosca
1978514,Michael Lewis
2067198,Ahmed Abdullah Saleh
2095585,Ayman Abdel Rahman
2087239,Rick Yancey
1994964,Susannah Grant
1980580,Phil Hay
2069582,Matt Manfredi
2095587,Ihab Blaibel
2117271,Ahmed Magdy
2076632,Michael Punke
2096678,Hesham Mansour
2094767,Sherif El Alfy
2087159,John Phillips
2060469,Randi Mayem Singer
2089030,Janice Karman
2082468,David Ebershoff
2094335,Stacey Menear
2087147,Jeanne Marie Laskas
2059464,Peter Landesman
2087229,Paula Pell
1111364,Mahmoud Saber
2023865,Adel Abdel Aal
2013707,Amr Al Badaly
2081647,Casey Sherman
2081648,Michael J. Tougias
2087057,Bryan Sipe
2095167,Patxi Amezcua
2018351,Jordi Gasull
2099036,Kelvin Tong
2089060,Liz Tuccillo
1980260,Abby Kohn
1994537,Burr Steers
2005954,Seth Grahame-Smith
2087095,Derek Elliott
2087133,Jack Donaldson
1019493,Tamer Abdel Monem
2093322,Robert Lowell
2021597,Matt Dallas
1982576,Justin Theroux
2121431,Chad St. John
2077600,Jared Bush
2008114,Byron Howard
2021557,Amal Afifi
2020928,Johannes Roberts
2091817,Ernest Riera
2077035,Veronica Roth
2076526,Adam Mason
2076527,Simon Boyes
2094953,Gee Malik Linton
2094951,Benoit Philippon
2094952,Jerome Fansten
2090941,Robert Eggers
1978905,Glenn Berger
2095499,Guy Hibbert
2094791,Christy Beam
2006848,Randy Brown
2071999,Ibtesam El Mekky
1007105,Mohamed Nagaty
1070468,Nehal Anbar
1113207,Eman Al Sayyed
1016462,Abd Allah Meshref
1108610,Menna Badr
1031204,Hala Khalil
2015713,Asif Kapadia
1076376,Khaled El Hagar
2097853,Josh Campbell
2097854,Matthew Stuecken
2096287,Simon Kelton
2096289,Sean Macaulay
1978742,Werner Herzog
1112748,Nia Vardalos
2082055,Jonathan Hirschbein
2094381,Michael Thelin
2094382,Richard Raymond Harry Herbeck
2089940,Emma Donoghue
2092162,Rudyard Kipling
2077619,Justin Marks
2018991,Ghada Shahbandar
1040732,Mohamed Khan
2005397,David Weisberg
2005398,Douglas Cook
2077968,Mohamed Sadek
1101253,Wael Hamdy
1997965,Habib Faisal
1066588,Karim Al Husainy
2008143,Mohamed El Sebaei
2100820,Paul V. Seetachitt
1999803,Michael Petroni
2024013,Tom Hines
2100845,Mamoru Hosoda
2102426,Jason Stutter
2102427,Kevin Stevens
1978903,Jon Vitti
2086134,L.D. Goffigan
2086140,Lucas Sussman
2102232,Robert Kanigel
2093457,Matthew A. Brown
2087031,Andrew Baldwin
2095395,Yvan Gauthier
2103249,Matthias Schweighöfer
2010031,Yuri Lowenthal
2103248,Sandy Fox
2059339,Jeff Doucette
2083158,Joey Camen
2103247,Laila Berzins
2000174,Duncan Jones
2056469,Charles Leavitt
1996866,Alan DiFiore
2003094,Jim Kouf
2021157,Shane Black
2092115,Anthony Bagarozzi
2003259,Jeff Nichols
2072863,Christian Clavier
2103888,Jean-Marie Poiré
2087061,Castle Freeman Jr.
2081928,Gregory Jacobs
2021176,John Hodge
2232999,François Loubeyre
1991488,Mohamed Ezz El Din
2067545,Nicolas Wright
1978174,Roland Emmerich
1101699,Mohsen Rezq
1997053,Bob Peterson
2003916,Andrew Stanton
2069905,André Nemec
1978528,Peter Chiarelli
2094897,David Stassen
2087126,Ike Barinholtz
1997071,Harold Ramis
1998163,Dan Aykroyd
2098770,Karim Karkor
2105762,Mai El Telmisany
1100742,Amin  Gamal
2092134,Jojo Moyes
1979094,Simon Pegg
2103374,Michael Cody
2102130,Chris Sivertson
1998015,Robert Ludlum
1981139,Paul Greengrass
2096312,Aubrey Solomon
1997065,Michael Berg
1100010,Magdi Alkdash
1100014,Feisal Abdul Samad
2096996,Leonard Hartman
2004741,Gary Ross
2077620,John Ostrander
1112170,Scott Moore
1112169,Jon Lucas
1080752,Yousry Nasrallah
1011858,Bassem Samra
2074237,Roald Dahl
2010628,Melissa Mathison
2087146,Jay Longino
2087045,BenDavid Grabinski
2077246,Mary Laws
2001934,Nicolas Winding Refn
2101509,David F. Sandberg
2104775,Brian Pittman
2066623,Lewis John Carlino
2103711,Caleb Wilson
2103710,Gwyn Lurie
2101678,Adam Hirsch
2101677,Benjamin Brewer
2007247,Fede Alvarez
2102316,Rodo Sayagues
2006569,Chris Butler
2095904,Marc Haimes
1996011,Stephen King
1113155,Adam Alleca
1048632,Mohamed Ragab
2108795,Menna Fawzi
1100140,Sherif Nagib
1977444,Ahmad Fahmy
1102172,Walaa Sherif
2099544,Chesley Sullenberger
2096373,Todd Komarnicki
2090280,Keith R. Clarke
2090281,Lew Wallace
2095650,S.S. Field
2095651,Seton I. Miller
1978513,John Lee Hancock
2005329,Helen Fielding
1978981,Matthew Sand
2099560,Matthew Michael Carnahan
1990287,Nicholas Stoller
2104743,Seth W. Owen
2014749,Pascal Laugier
1994825,Mark L. Smith
2095741,Jonathan Jakubowicz
2101629,Ransom Riggs
2101273,M.L. Stedman
2021726,Derek Cianfrance
2023940,Barbara Marshall
2105643,Nastasha Baron
1995898,Dan Brown
2090202,Stephen Chin
1996216,Andrea Berloff
2103428,Ellen Sue Brown
2103429,Robert Mazur
2105035,Marshall Herskovitz
1113012,Edward Zwick
1994073,Wentworth Miller
1998999,D.J. Caruso
2060121,Luke Harding
2088597,Anatoly Kucherena
1148580,Woody Allen
2103916,Jason Zumwalt
2012973,Jerry Stahl
2016664,Erin Cressida Wilson
2098140,Paula Hawkins
2082803,Hassan Elsayyad
2082802,Ahmed El Shohary
2004986,Jon Spaihts
2081892,Hubbel Palmer
2081893,Emily Spivey
2069392,Oz Perkins
2103452,Amir Nassim
2119017,Ahmed Abdel Wahab
2103380,Liz Jensen
1979269,Max Minghella
2102271,Robert Schenkkan
2069810,William Wisher Jr
2001307,John Romano
1998030,Philip Roth
1991120,J.K. Rowling
2020350,Adel Abdel Razik
2081890,Chris Bowman
2107640,Ted Chiang
1051106,Zainab Aziz
2087071,Christina Hodson
2077674,Pippa Bianco
2001564,Ben Younger
2003018,Kevin Grevioux
1994522,Len Wiseman
2064992,Richard Rionda Del Castro
2103308,Cam Cannon
2106213,Kelly Fremon Craig
1976926,Dito Montiel
2058286,Adam Simon
1978799,Ron Clements
2097787,Pamela Ribon
1996715,Ronnie Christensen
2103231,Saroo Brierley
2074777,Luke Davies
2107613,Mark Bianculli
2107614,Jeff Richard
2064415,John Knoll
1979607,Gary Whitta
1100296,Hanaa Atteya
2108998,Jonathan Perera
2005718,Ian Helfer
1982793,John Hamburg
2094735,Garth Jennings
2077730,Michael Lesslie
2096903,Justin Malen
2114120,Laura Solon
2067653,Jane Rosenthal
1098660,Ibrahim Issa
1025998,Magdi Ahmed Ali
1982116,Ben Affleck
1978338,Dennis Lehane
2103762,Matt Cook
2066814,Paul Tamasy
2022614,F. Scott Frazier
1996232,Alaa Hassan
2115129,Yasser Ismail
1093354,Mohamed Rady
2102940,Jonathan Penner
2102939,Robert Damon Schneck
1994067,Paul W.S. Anderson
2114522,Juan Ramón Ruiz de Somavía
1978327,Martin Scorsese
2089031,Jay Cocks
2086129,Kôji Suzuki
2004444,David Loucka
2114257,John Whittington
2115581,Enas Lotfy
1113162,Maha El Wazir
2084522,Niall Leonard
2020832,Robert Siegel
2105287,Patrick Massett
2105288,John Zinman
2103822,Erin Dignam
1005341,Ahmed Ezzat
2010242,Tamer Hussien
2105466,Van Robichaux
2105467,Evan Susser
2021242,Stanley Tong
2101841,Simon Verhoeven
2101843,Philip Koch
2005099,Kenneth Lonergan
2115265,Niraj Shukla
2095799,Rahul Dholakia
2114379,Jason Mosberg
2110429,David James Kelly
2108345,Michael Green
2110395,Eric Summer
2011259,Laurent Zeitoun
2105461,W. Bruce Cameron
2105462,Cathryn Michon
2094909,Patrick Ness
2008177,Lisa Azuelos
2008775,Derek Connolly
2113194,Maria Maggenti
2113195,Lauren Oliver
1994692,Ash Brannon
2090192,Kurt Voelker
2008503,Stephen Chbosky
2008606,Romany Saad
2105572,Haim Saban
2105573,Shuki Levy
1990316,Dax Shepard
2086181,Nick Ostler
2086151,Mark Huckerby
2011262,Nicolas Saada
2025061,Eran Creevy
2116986,Joe Johnson
2098453,Jordan Peele
1035282,Ayman Makram
1059705,Essam Al Shammaa
1995461,Chris Poche
2106729,Stacey Harman
1103045,Mai Mishal
1996346,Mohamed Al Dorra
2012259,Michael McCullers
2092308,Marla Frazee
2058371,Ahmed Kamel
2087871,Amr Sokkar
2073611,Theodore Melfi
2000913,Martin Brest
2010359,Hossam Helmy
2116239,Bobby Lee Darby
2116238,Nathan Brookes
2073181,Amr Badr
2113230,Katja Grübel
2117333,Dagmar Rehbinder
2104718,Jamie Moss
2253906,Shirow Masamune
1112205,David Johnson
2265448,Roger Chan
2058727,Dave Eggers
2008779,James Ponsoldt
1994821,James Gray
2114614,David Grann
2108945,Robin Swicord
1999122,Terry George
2088988,Christopher Wiehl
2088995,Danny Kolker
2114311,Damien Power
2089749,Khaled Al Shaibany
2113291,Dmitriy Yakovenko
2058747,Denis Chernov
2119679,David Michelinie
2116069,Joyce Carol Oates
2116068,John Mankiewicz
2022260,Chad Law
2007934,Amy Jump
2007933,Ben Wheatley
2012895,Sean Byrne
2104990,Warren Davis
2104989,Duncan Falconer
2005295,Nacho Vigalondo
2108745,Timo Tjahjanto
2007043,Dante Harper
2116213,Nicola Yoon
2000784,Walter Hill
2104475,Denis Hamill
2106480,Fabio Guaglione
2106481,Fabio Resinaro
2072275,Mohamed Sayed Bashir
1980147,Sadek Sharshar
1996646,Jeff Nathanson
1993278,Terry Rossio
2116679,Allan Heinberg
2097275,Brian Cachia
2119455,Shane Abbess
1994248,Michael Brandt
1993871,Derek Haas
2118688,Jose Tatay
2118691,Joe Vitale
2001397,Edgar Wright
2105571,Ken Nolan
1997917,Matt Holloway
2116295,Antony Johnston
2022358,Katie Dippold
2062361,Jeff Pinkner
2009760,Nikolaj Arcel
2003159,Amr Fahmy
2103106,Mohamed Karar
1995443,Mike White
2119044,Tony Leondis
2081795,Knate Gwaltney
2108310,Pierre Christin
2024102,Tom O'Connor
2116015,Thomas Cullinan
1998692,Sofia Coppola
2088432,Audrey Diwan
2096399,David Farr
1982288,Jackie Chan
2105048,Kai Wang
2105050,Talu Wang
2105049,Zitao Huang
2105047,Fan Xu
2105046,Hiroyuki Ikeuchi
2005886,Sherif Abdel Hady
2102766,Gary Spinelli
2115988,Barbara Marshall
1111785,Saher Al Assiuty
2089252,Reza Memari
2120122,Jeffrey Hylton
1100295,Tareq El Eryan
1100270,Abdul Rahim Kamal
1004016,Sherif Arafa
1100086,George Azmy
2018642,Tarek Ramadan
2080919,Sameh Farag
2085658,Max Botkin
2119092,Kerry Williamson
2112424,Bob Barlen
2112425,Scott Bindley
2115696,Rebecca Blunt
2119057,Shrabani Basu
2008163,Lee Hall
1995465,Glenn Standring
2091084,Pascal Trottier
2119904,Tom Wheeler
2084387,William Wheeler
2114685,John Buffalo Mailer
2114686,Diane Fisher
2108463,Kevin Wignall
2011234,Scott Milam
2068089,Peter Filardi
2000173,Ben Ripley
2027497,Hallie Meyers-Shyer
2085451,Trey Edward Shults
2102039,Peter O'Brien
2097989,Keith Kjarval
2117781,Gary Michael Schultz
2118651,Jeremy Haft
2118653,Steven Bagatourian
2000849,Omar Khaled
2027077,Hampton Fancher
1981354,Ridley Scott
2062209,David Marconi
2104803,Stephen Leather
2067404,Imtiaz Ali
2117862,Todd Stein
2074077,Nathan Parker
2092635,Bryan Bertino
2120887,Mark Felt
2121589,Madison Turner
2121591,Davin Seay
2080893,Meghan McCarthy
2074025,Rita Hsiao
2005395,Dean Devlin
2004395,Kieran Mulroney
1995958,Darren Aronofsky
2117738,David Safier
2117737,Catharina Junk
2073732,Mark Cullen
2073733,Robb Cullen
2086223,Stephen J. Rivele
2086050,Christopher Wilkinson
2121423,Pete Goldfinger
1976918,Josh Stolberg
2019500,Osama Fahmy
1993035,Mohamed Hammad
2077964,S. Craig Zahler
2120062,Conal Byrne
2103907,Dan Bush
1993174,Patrick Melton
1978960,Marcus Dunstan
2077007,Craig Kyle
1999545,Grant Heslov
2014433,Tom Stoppard
2005803,Deborah Moggach
2118074,Peter Ackroyd
2068573,Scott Lobdell
2120741,Jim McClain
2019040,Zach Dean
2021689,Cal Brunker
1993281,Marc Forster
2103365,Sean Conway
2119417,David Finkel
2116711,Noah A.D.
2116710,Will Wernick
2103334,Colin Minihan
2076901,Bill Finger
2066201,Jack Thorne
2114300,Graham Reznick
2113347,Angela Sommer-Bodenburg
2113345,Richard Claus
1979699,Agatha Christie
2075040,Franck Khalfoun
2108435,Adrian Molina
1981801,Lee Unkrich
2101649,Charles Martin
1112270,Jeffrey Reddick
2107537,Taran Killam
2084499,Efthimis Filippou
2084498,Yorgos Lanthimos
2091687,Seth M. Sherwood
2057644,Mahmoud Fleifal
2025153,George Lucas
2007904,Rian Johnson
2108328,Ian Southwood
2002928,Ron Shelton
2116897,Nick Gordon
2116658,Wael Youssef
1101177,Mohamed Al Ahmedy
2114949,Sam Acton King
2114951,Teddy Wynne
2090148,Chris McKenna
2021688,Haitham Dabbour
2014862,Kevin Bernhardt
2058941,Jenny Bicks
1044602,Mohamed Fadl
2122178,Neelesh Misra
2103323,Ali Abbas Zafar
2099566,Matt Venne
2117137,Donald Stewart
2124580,Eric Tosti
2124579,David Alaux
2115992,Lijia Zhang
2106697,Neil Landau
2124425,Oliver Butcher
2071781,Stephen Cornwell
2110274,Byron Willinger
2110275,Philip de Blasi
2016522,Mark Boal
2122994,Rubby Xu
2122320,Michael Parker
1979308,Ali Ghalib
1065282,Tarek Al Amir
2065676,Ted Tally
2124487,Kevin Ragsdale
2124486,Jason Chase Tyrrell
2119851,Liz Hannah
2028690,Josh Singer
2000489,Jim Taylor
2002296,Alexander Payne
2006726,Joseph Fawzi
2120100,Jacek Dehnel
2120098,Dorota Kobiela
2096020,Prakash Kapadia
1991072,Sanjay Leela Bhansali
1128746,Jean-Claude Van Damme
2015432,Mark DiSalle
2012279,David Scarpa
2003073,Paul Thomas Anderson
1997189,Steve Antin
2119893,Christian Swegal
2016896,Ziad Doueiri
2072612,Joelle Touma
2081717,Christian Gudegast
2000072,Paul T. Scheuring
2000527,Tom Vaughan
1982283,Peter Spierig
2120911,Gerald Rascionato
2025611,Ryan Coogler
2106381,Joe Robert Cole
2120428,Menna Ebaid
2117133,Molly Bloom
2115416,James Higginson
2115389,Daniel Kraus
1990245,Brian Taylor
2084116,Jesse Andrews
2069080,David Levithan
2126395,Michael Anderson
2126396,Nick Squire
2125818,Martín Piroyansky
2125819,Ishai Ravid
2121326,Thomas Pa'a Sibbett
2121325,Michael Nilon
2017206,Martin McDonagh
2122749,Mark Perez
1983717,Joe Carnahan 
2120280,Brian Garfield
2015255,Phil Hawkins
2122203,Charles Hittinger
2010538,Robert Moreland
2010644,Kyle Newman
2126828,Bradley Stryker
2117145,Geneva Robertson-Dworet
2108454,Alastair Siddons
2105651,Mathieu Turi
2120603,Matthew Stone
2060605,Anthony Tambakis
2065464,Philippe Van Leeuw
2116018,Emily Carmichael
2116019,Kira Snyder
2125111,Andrew Hyatt
2125113,Terence Berden
2123010,Richard Sweren
2122754,Kevin Cecil
2017040,Kimble Rendall
2086627,Paul Staheli
2010360,Mohamed Adel Youssef
2127187,Karim Al Khadrawy
2091185,Atef Abdel Lateef
2010645,Ernest Cline
1996228,Zak Penn
2114886,Scott Windhauser
2114922,Carlos Davis
2074260,Rob Lieber
1995698,Will Gluck
2117222,Nicolas Aaron Mezzanatto
2114898,Summer H. Howell
2228019,Keenan Lehmann
2228020,Kyle Strauts
2126035,Gabrielle Haugh
2011092,Lin Shaye
2126034,Grayson Gabriel
2127512,Hussein Abo El-Dahab
2081668,Scott Beck
2081669,Bryan Woods
1023754,Ihab Lamei
2107057,Eric Kirsten
2127212,Kenji Bando
2123422,Richard Hobley
2123421,Jonathan Hopkins
2006377,Carlton Cuse
2115385,Tyler W. Konney
2067504,Joe Kelly
2126156,J.M. Ken Niimura
2127713,Yaroslav Voytseshek
2124910,Jillian Jacobs
2011275,Mark Tonderai
2124774,Lars Jacobson
2125947,Max Hurwitz
2022261,Evan Law
2128220,Tim Ryan
2085002,Adam MacDonald
1994439,Michael Radford
2064346,Benjamin Renner
2128420,Jean Regnaud
1980261,Marc Silverstein
1994733,Leslie Dixon
2096621,Rob Greenberg
2127551,Fritz Böhm
2127552,Florian Eder
2126452,André Morency
2126451,Pierre Greco
2115710,Dave Schultz
2109142,Vaughn Stein
2002096,Lynne Ramsay
2107426,Jonathan Ames
2113768,Brandon Boyce
2128700,Stevie Jane Miller
2119750,Madeleine L'Engle
2108548,Jennifer Lee
2094136,Deniz Gamze Erguven
2068654,Marc Hyman
1042058,Mohamed El Sobky
2084585,Karim Youssef
2023469,Ahmed Mohy
2025148,Ayman Wattar
1050215,Khaled Youssef
2008774,Colin Trevorrow
2115653,Olivia Milch
2019121,Jonathan Kasdan
2127328,Jordan Kandell
2127327,Aaron Kandell
2115607,Mike Stokey
2115606,Richard Lanni
2131193,Gabriel Ferrari
1992990,Paul Rudd
2027266,Rob McKittrick
2120572,Mark Steilen
2026866,Rawson Marshall Thurber
2012605,Genndy Tartakovsky
2125475,Ari Aster
2016317,Catherine Johnson
2021585,Shiraz Ahmed
2094872,Fernando León de Aranoa
2121414,Virginia Vallejo
2068320,Mike P. Nelson
2092534,Chad Hodge
2127933,Alexandra Bracken
2124462,Susanna Fogel
2124463,David Iserson
2075708,Leo Rossi
2131807,John Adams
2116690,Peter Adams
2026162,Dean Georgaris
1113031,Jon Hoeber
2056937,James Cox
2124335,Captain Mauzner
2004203,Robert Rodat
2128799,Nicholas Dawidoff
2124997,Rafael Casal
2124998,Daveed Diggs
2106119,Haitham Mohamed Abdel Atty
1106079,Mahmoud Hemdan
1048491,Tamer Hosny
1048373,Youssef El Sherif
2068099,Mohammad El Tahawy
2089845,Alex Ross Perry
2015562,Allison Schroeder
2129639,Michael Goldbach
2121919,Graham Roland
2126282,Lea Carpenter
2080282,David Birke
2086341,Victor Surge
1979605,Albert Hughes
2129999,Bryce Hammons
2117019,Jonathan Baker
2124573,Josh Baker
2162664,Nina Weinman
2133208,Alex Michaelides
2125591,James Oakley
2007570,Robert Wade
2007569,Neal Purvis
2104950,Fred Dekker
2092519,Jessica Sharzer
2120795,Darcey Bell
2121973,Aaron Horvath
2121975,Michael Jelenic
2131437,Tarryn-Tanille Prinsloo
1981110,Jonathan Frank
2116063,David T. Lynch
2124273,Abu Bakr Shawky
2121436,Matthew Kellard
1993798,Eric Kripke
2120659,John Bellairs
2128982,Aneesh Chaganty
2093337,Sev Ohanian
2125410,York Alec Shackleton
2060995,Scott Rosenberg
1990693,Sergio Pablos
1995317,Eric Roth
2026151,Anthony Byrne
2005697,Natalie Dormer
2130001,Vasiliy Rovenskiy
2120948,James R. Hansen
2128285,Noor Arnaoot (Noor Helal)
2093501,R.L. Stine
2130540,Otfried Preußler
2130539,Matthias Pacht
2131794,Ahsan Rahim
2023686,Ali Zafar
2076401,Arne Schmidt
1110158,Danny McBride
2005223,David Gordon Green
2128449,Peter Chiarelli
2128450,Adele Lim
2121971,Joe Penhall
2134767,Oleg Kuzovkov
2124339,Ashleigh Powell
2124337,E.T.A. Hoffmann
2117730,Blair Butler
2135246,Robert Mearns
2125711,Erin Simms
2086447,Bill Holderman
2105605,Michael LeSieur
2074971,Jay Basu
2062624,Vijay Krishna Acharya
2135121,Alice Blehart
2135122,Stephanie Bursill
2128883,Ben Chandler
2013997,Phil Johnston
2134616,David Levinson
2136065,Skyler Caleb
2136066,Woodrow Wilson Hancock III
2055722,Michael Winnick
2120652,Henri Charrière
2119582,Brian Sieve
2117440,Philip Reeve
1979054,Fran Walsh
2001257,Peter Hedges
2001651,Marie Brenner
2123818,Brian Hayes Currie
1997447,Peter Farrelly
2121571,Gary Wang
2126610,Cheo Hodari Coker
2059239,Rodney Rothman
2064366,Felix Van Groeningen
2104981,P.L. Travers
2016525,John J. McLaughlin
2133549,Jeremy Dyson
2092418,Andy Nyman
2105570,Art Marcum
2021365,Justin Zackham
2080694,Elaine Goldsmith-Thomas
2026847,Himanshu Sharma
2116337,Blake Harris
1980004,Hans Christian Andersen
2067183,Daniel Waters
2106227,Spanky Dustin Ward
2012091,Jacques Audiard
2071096,Thomas Bidegain
1978872,Arthur Conan Doyle
2136667,Eva Konstantopoulos
2137234,Prune de Maistre
2056228,William Davies
2028689,Mohamed Mehriz
2137139,Jesús Olmo
2006493,Eron Sheean
2130779,Richard Greenberg
2121427,Daniel Stiepleman
2058924,Stephen Hamel
2063296,Beau Willimon
2026146,Akira Toriyama
2081625,Puri Jagannadh
2073921,Vakkantham Vamsi
2117359,Frank Baldwin
2007154,Kim Fupz Aakeson
2021762,Jeff Buhler
2011248,Olivier Nakache
2011249,Eric Toledano
2092299,Christopher Miller
2138097,Daniel Hayes
2138096,Ed Lilly
2131865,Amani El-Tunsi
1081944,Othman Abu Laban
1113255,James Cameron
2128106,Wessam Hamed
2137131,Sam Dolnick
2138059,Maxime Landry
2096087,Paul Risacher
2114918,Bragi F. Schut
2135020,Maria Melnik
2015539,Stephen Merchant
2004835,Alex Gregory
2124719,Elizabeth Chomko
2058883,Anna Waterhouse
2015515,Anna Boden
2117211,Joe Bone
2085603,Celyn Jones
2007613,Peter Gaulke
2107306,Lee Cronin
2138234,Stephen Shields
2139756,Assaf Bernstein
1977718,Ray Wright
1995281,Neil Jordan
2125262,Anthony Maras
1100825,Khaled Mouzannar
1100537,Nadine Labaki
2006558,Tyler Perry
2124026,Daniel Emil
1014466,Medhat El Sebaie
2128217,Tobias Iaconis
2128218,Mikki Daughtry
2096069,John Kåre Raake
2096070,Harald Rosenløw-Eeg
2133551,Chris Gerolmo
2128758,Ryan Morrison
2128757,Joe Penna
2021761,Ryûhei Kitamura
2117870,Joey O'Bryan
2119773,Sahar Essam
2119772,Mohamed Adel
2072192,Henry Gayden
2077390,David Kajganich
2074063,John Boorman
2014719,David Aaron Cohen
1995260,John Luessenhop
2056476,Andrew Cosby
2073958,Mike Mignola
2141461,Robert Moore
2001178,Rupert Wyatt
2115300,Erica Beeney
2136164,Anna Todd
2103420,Susan McMartin
1100812,Haitham Wahid
2140156,Alastair Galbraith
2140164,Robert Ryan
2142055,Francesco Menegat
2142053,Alessandro Ciani
2024120,Kim Nguyen
2139597,Boham Liu
2119178,Michael Werwie
2016554,David Loughery
2118345,Sarah Daggar-Nickson
2136043,Mike Maples
2138882,David Horvath
2138883,Sun-min Kim
2065532,Maya Forbes
2011230,John August
1982231,Hisham Hilal
2059202,Amir Teima
2073063,Karim Hassan Bashir
2132291,Sherif Adel
2139573,Scotty Landes
2003602,Tate Taylor
2143304,Shay Hatten
1982575,Stan Lee
2062116,Chris Claremont
2006633,Brian Gunn
2136509,Mark Gunn
2126131,Tyler Burton Smith
2114896,Don Mancini
2069881,Dan Sterling
2099244,Stanley Shapiro
2099245,Paul Henning
1007377,Alaa Morsy
2138894,Ghada Hanafy
2141778,Jack Barth
1994661,Steve Ditko
2090305,Daniel Farrands
2140027,Dan Hernandez
2140028,Benji Samit
2005901,Jonathan Roberts
2145893,Adam Nagata
2145892,Matt Aselton
2142698,Li Wei
2144134,Michael Rasmussen
2144135,Shawn Rasmussen
2135197,Tripper Clancy
2010500,John Herzfeld
2142536,Aleksey Sidorov
2079041,Conal Palmer
2079040,Paul Hyett
2139940,Peter Ackerman
2137388,RM
2137390,Jin
2137386,J-Hope
2138114,SUGA
2146982,Jimin
2146983,V
2089275,Matthew Robinson
2103915,Guy Busick
1993803,Ryan Murphy
2069333,Michael Mitnick
2127504,Ollie Masters
2138862,Garth Stein
2060135,Ding Wei
2146260,Wang Qi
1978402,Bart Freundlich
2021745,Susanne Bier
2014779,Billy Frolick
2137274,Blaise Hemingway
1978804,Greg Erb
2000394,Richard Linklater
2136974,Holly Gent
2140920,Gregory Bernstein
2140921,Sara Bernstein
2066525,Rob Sprackling
2066524,Johnny Smith
2117009,David Raymond
2119681,Ethan Gross
2130082,Matthew Cirulnick
2015457,David Morrell
1983383,Eric Garcia
2075272,Andrea Di Stefano
2139384,Jill Culton
1979098,Peter Straughan
2127280,Donna Tartt
2102869,Francesco Cinquemani
2141775,Luca Giliberto
2028334,Alan Yuen
2074016,Scott Silver
2115507,Raafat Reda
2072735,Jon Brown
2020827,David Coggeshall
2145720,Amiel Bartana
2145719,Jacques Kluger
2144062,Frédéric Petitjean
2144704,Todd Tucker
2079878,Zack Ward
2144475,Lulu Wang
2125467,Micah Fitzerman-Blue
2031511,Noah Harpster
1109105,Mahmoud Jamaica
2100132,Ashraf Hosny
1101172,Mariam Naoum
1101819,Nadine Shams
2071389,Malik Bader
2149135,Carlos Gutiérrez Medrano
2120541,Rob Muir
2126878,Justin Rhodes
2148659,Justin Dec
2133886,Matt Lieberman
2132340,Pamela Pettler
2002829,Keira Knightley
1995863,Jenna Dewan
1994299,Luke Wilson
1999002,Dianna Agron
2090181,Veronica Ferres
1993000,Mickey Rourke
2141256,Dan Ewen
2131205,Wes Tooke
1982505,Doug Miro
2105457,Carlo Bernard
1979109,James Mangold
2137416,Bryony Kimmings
1112363,Emma Thompson
2013183,Adam Mervis
2148440,Vikram Jayakumar
2148441,Arjun Grover
2120508,Henry Fitzherbert
2222859,Ray Loriga
2150280,Takashi Otsuka
2150279,Atsuhiro Tomioka
2119892,John Stuart Newman
2127270,Nicholas Searle
2102062,Chris Pare
2230623,Jeff Chan
2105440,Karsten Kiilerich
2097044,Ole Lund Kirkegaard
2148483,April Wolfe
2111700,Sophia Takal
2116785,Ayman El Aidey
2116784,Shadi Al Muslimi
2147405,Kelvin Mao
2147406,Jeff Jingle
2122406,Tom Edge
2027133,Michael Feifer
2058057,Charles Randolph
2125628,Lior Geller
2226132,Andrew Friedman
2136425,Terri Emerson
2136426,Marty Poole
2122399,Lucas Martell
2107046,Zackary Adler
2100824,James Edward Barker
2003183,Takashi Shimizu
2110677,Nicolas Pesce
2120949,Wayne Roberts
1998116,Tom Hooper
2147350,Khaled Soliman
1979268,Gamal Rabie
1101878,Ayman Salama
2006509,Sam Mendes
2138754,Krysty Wilson-Cairns
2013248,Yahia Fekry
2077034,Brian Duffield
2141267,Adam Cole-Kelly
2141268,Sam Pitman
2006852,David Guggenheim
2009310,Stephen Gaghan
2127865,Hugh Lofting
2094841,Edmond Wong
2151574,Malek Nejer
2137183,Kit Hopkins
2137184,Thilo Röscheisen
2102687,Grant Atkinson
1982779,Terrence Malick
1103109,Amr El Daly
2120900,Louisa May Alcott
2005590,Greta Gerwig
2077650,Taika Waititi
1062814,Bashir El Deek
2015889,Todd Robinson
2010367,Brian Presley
2138315,Chuck Dixon
2138316,Jordan B. Gorfinkel
2139303,Rob Hayes
2131094,Patrick Casey
2131095,Josh Miller
2128303,Owen McCafferty
2141414,Derek Chan
1048561,Emad Al Bahhat
2148077,Eric Forestier
1995499,Christian Volckman
2001111,Ken Sanzel
2016356,H. G. Wells
2015687,Jack London
1100105,Hesham Saqr
2076879,Ben Smith
2124765,Jeremy Gardner
2088175,Brian DeLeeuw
2140953,C.S. Anderson
2000528,Dan Scanlon
1071340,Oriol Paulo
2120211,Patrick Magee
2144334,Jay Lee
2007099,Jon Erwin
2147707,Jon Gunn
2152979,Francis Annan
2117382,Scott B. Smith
2145830,Cory Miller
2159367,Jorgen Klubien
1998024,Jesse V. Johnson
2123840,Stu Small
2145876,Nick Cuse
2159107,Reza Sholeh
2159106,Ant Horasanli
2120788,Sung-ho Hong
2269122,WoongSub Ahn
2102350,Devika Bhise
2159263,Swati Bhise
2003630,Adel Salib
2115610,Alexey A. Petrukhin
2087814,Oleg Stepchenko
2020687,Romola Garai
2025101,Andrew Stern
2120574,Liza Marklund
2140922,Simon Blackwell
1113273,Charles Dickens
2005700,James D'Arcy
2158668,Matthew Newton
2149398,Omar Naim
2153159,Flora Greeson
2004451,Sarah Smith
2106621,Sang-ho Yeon
2159529,Jeremy Drysdale
2160356,Caroline Norris
2160357,Giles Pilbrow
2125423,David Breen
2075871,Fin Edquist
2139070,Osama Hossam El Din
2120587,Lauren Hynek
2059015,Josh Boone
2156876,Oliver Thompson
2030509,Michael Frost Beckner
1981714,Christian Alvart
2140699,Alberto Marini
2160541,Makoto Shinkai
2159478,Mario Celaya
2152986,Kim Hagen Jensen
2152987,Tonni Zinck
2136627,Adam B. Stein
2136626,Zach Lipovsky
2016418,Carl Ellsworth
2158147,Gavin Rothery
2161549,Akatsuki Yamatoya
2161548,Akiyoshi Hongo
2074017,Eric Johnson
2012485,Matteo Garrone
2131360,Carlo Collodi
2076307,Eric Bromberg
2157561,Oleksandr Pohrebniak
2157562,Sergiy Solopay
2157563,Veronika Lukyanenko
2157564,Matvii Nikolaiev
2022180,Karim Samy
2162144,BTS
2162145,Marry Majara
2162146,Sindi Mokoena
2162147,Mirriam Mosia
2150949,Christopher Renz
2150950,Gerard Bush
2002148,Sean Durkin
2151998,Lorcan Finnegan
2091112,Steve Allrich
2087366,Mark Williams
2091109,Simon Lewis
1995536,Haitham Moustafa El Dahan
1995530,Ahmed Magdy El Dahan
1983512,Zoe Lister-Jones
2152982,Andre Case
2127087,Jacob Chase
2158714,Micah Ranum
2094048,Christian Torpe
1108529,Tamer Abdel Hameed
2144858,Michael Kennedy
2161775,Patrick Stibbs
2152238,Marissa Kate Goodhill
1979299,Lewis Carroll
2121380,Lior Chefetz
2121381,Joe Swanson
2157281,Natalie Erika James
2157282,Christian White
2152746,Daniel Roby
2095535,Lane Skye
2095534,Ruckus Skye
2159481,Clayton Haugen
2159480,Nikolai From
2115727,Eshom Nelms
2115728,Ian Nelms
1105563,Osama Omar
2161399,Wessam Al Madany
2137786,Andrew Young
2150588,Rich Ronat
1983928,Harald Zwart
2160551,Kirby Atkins
2151317,Ari Margolis
2157292,Adrian Bol
2082293,Terje Formoe
2126781,Karsten Fullu
2165774,Mauro Croche
2165768,Guillermo Lockhart
2153718,Doug Wolfe
2124481,Jeffrey Addiss
2124482,Will Matthews
2153618,M.J. Bassett
2159531,Isabel Bassett
2160913,Rui Ge
2160912,Hu Guan
1982993,Ahmed Anwar
2150271,Kemp Powers
2085608,Mike Jones
1113272,Robert Zemeckis
1112269,Eric Bress
2166369,Liming Li
2166256,Matthew Coppola
2105909,Brian Skiba
2165471,Ryan Spindell
2167468,Hicham Hajji
2167467,Sam Chouia
2106290,Dimitri Logothetis
2099860,Jim McGrath
2140885,J.M. Coetzee
2091313,Matthew Kennedy
2091904,Jason Lei Howden
2153524,David Marmor
2074430,John Patrick Shanley
2109602,Teddy Grennan
2006847,Robert Lorenz
2165879,Danny Kravitz
2163720,Edward Drake
2078453,Corey Large
2178783,Matt Naylor
2168769,Maria Wong
2168770,Tan Yuli
2160329,Mattias Olsson
2161952,Tony D'Aquino
2062793,David Swift
2173870,Scott Owen
2075062,Michael Almereyda
2166709,Ahmed Othman
2015816,Alan B. McElroy
2109493,Matthew E. Chausse
2166286,Joshua Cordes
2174662,Jake Mahaffy
2000451,Michael Cristofer
2113426,Castille Landon
2124824,Dallas Clayton
2108358,Sia
2120372,Katie Silberman
2131662,Kevin Costello
2168799,Kerry Harris
2168800,Dan V. Shea
2157721,John Swab
2067203,Chris Borey
2074493,Michael Bronner
2176849,David Beton
2176850,Ray Bogdanovich
2174741,Sicheng Chen
2174742,Wusi Liu
2167442,Wei Bu
2167443,Sidney King
2163705,Sally Collett
2143727,Kevin Lehane
2102432,Edward Evers-Swindell
2078830,Charlotte Kirk
2162197,Richard Lowry
2160045,Jules Vincent
2160046,Chuck McCue
2134407,Justin P. Lange
2151382,Brendan Bishop
2270396,Finola Geraghty
2114945,Eric Pearson
2104006,Russell Owen
2126271,Chloé Zhao
2160749,Jessica Bruder
2174659,Adrian Bickenbach
2174658,Tess Meyer
2115196,Rowan Athale
2162200,Michel Gaztambide
2008743,Nicholas Jarecki
2001048,Christopher Hampton
2084629,Florian Zeller
2161271,Roderick MacKay
2010094,Bret Easton Ellis
2162638,Tim Doiron
2181401,Jacob Johnston
2165497,Roger Chen
2096013,Takashi Yamazaki
2162742,Fujiko F. Fujio
2120549,Greg Russo
2141265,Patrick Burleigh
2184247,Koyoharu Gotouge
2137494,Miguel Ángel Uriegas
2124574,Daniel Casey
2150589,Iver William Jallah
2126691,David Leslie Johnson
2079806,Dana Fox
2177562,Islam Belal
2150272,Nicolas Boukhrief
2164394,Kathy Charles
2184445,Mark Steensland
1979031,John Krasinski
2142346,Michael Boughen
2113348,Larry Wilson
2058806,Neil Burger
2009851,Enrico Casarosa
2104278,James Herbert
2186715,Amr Almaddah
2186716,Essam Bukhary
2104982,Lin-Manuel Miranda
2009770,Clark Duke
2227627,Andrew Boonkrong
2186707,David Murdoch
1993290,Jonathan Hensleigh
2183617,Mishna Wolff
2188526,Corinna Faith
2162130,Christopher MacBride
2152830,Will Honley
2097921,Alfredo Botello
2068101,Andrew Dodge
2075053,Navot Papushado
2185632,Ehud Lavski
2093477,Joe Shrapnel
2027137,John Fusco
2086133,Kristin Hahn
2181413,Scott Wascha
2132440,Louis Waymouth
1994364,George Gallo
2161291,Josh Posner
2175882,Frederick Peeters
2184104,Robert Henny
2120459,Lisa Joy
2028714,David Lowery
2183648,Kinoko Nasu
2104993,Ben Collins
2111904,Luke Piotrowski
2194148,Chung Justine
2194149,Lee Mizi
2152929,Oliver Huzly
2161999,Ahmed Halim
1992203,Mohammed El Hifnawy
2165405,Steve Englehart
2064604,Ingrid Bisu
2154203,Hamid Al-Madani
2205384,Win Rosenfeld
2160341,Jason Carvey
2165830,Aron Gaudet
2165831,Gita Pullapilly
2159319,Cornelia Funke
2194409,Kurt McLeod
2151508,Tracey Scott Wilson
2011110,Callie Khouri
2073776,Alex Ranarivelo
2085549,Hadeel Reda
2198444,Mustafa Al-Barbari
2006764,Denis Villeneuve
2122610,Svyatoslav Podgaevskiy
2216571,Patrick White
2165778,Samuel Bartlett
2148284,Frederick L. Greene
2148281,Marco Orsini
2161376,Alan Horsnail
2189740,Sharon Soboil
2179275,David Murray
2161280,James C. Wolf
1981133,Matt Damon
2135402,Byung-seo Kim
2174536,Lee Hae-jun
2105450,Nikolay Kulikov
2189682,Konstantin Mayer
1999494,John Carpenter
2004453,Peter Baynham
2184647,Mickey Solis
2194081,Jennifer Vogel
2205396,Henry Chaisson
2199787,Lindsay Gossling
2199788,Travis Farncombe
2205398,Sanchit Bedre
2205399,Vidhi Ghodgaonkar
1980343,J.K. Simmons
2057527,Kristen Schaal
1978664,Sharlto Copley
2133013,Anjali Bhimani
2006368,Patrick Warburton
1991578,Dolph Lundgren
2107150,Matthew Rogers
2141270,Yōsuke Kuroda
2064785,David Kesler
2205485,Stephen Deuters
2075914,Vicente Amorim
2194418,Danilo Beyruth
2114361,Norman Bridwell
2207234,Kathryn Michelle
2059990,Izabela Vidovic
2205006,Abraham Katz
2206250,Josh Tessier
2206254,Craig R. Key
2166422,Charise Castro Smith
1979372,Jason Reitman
2081460,Gil Kenan
2166418,Roberto Bentivegna
2166420,Sara Gay Forden
2199776,Ian Malone
2199775,Craig David Wallace
2198817,Ross Peacock
2194106,Zach Baylin
2098529,Arthur Laurents
2205071,Andy Greskoviak
2108051,Erik Sommers
1031917,Maged El Kedwany
2216689,Omar Sherif
1005695,Ruby
1983847,Donia Maher
2084160,Asmaa Abu El Yazeed
2028149,Ahmed Khaled Saleh
2147632,Aleksandar Hemon
1110027,Mohamed Mamdouh
2063012,Ahmad Dash
1107286,Ali Al Tayeb
2122215,Hadil Hassan
2067036,Aly Kassem
1056639,Sayed Ragab
2201301,Mario Bellina
2201303,Andrea Fazzini
2023557,Maksim Sveshnikov
2209447,Sara Endsley
2055496,Menna Adli Al Qaii
1100475,Mahmoud Zahran
2107580,Theresa Rebeck
1983541,Maggie Gyllenhaal
2161158,Elena Ferrante
2123312,Laure Irrmann
2123311,Christian Carion
2186668,Jane Ainscough
2186669,Eric Knight
2028333,Benny Chan
2213255,Ryan Wai-Chun Ling
2212484,Reki Kawahara
2093269,Kim Morgan
2210613,Tommy Gushue
2210614,Adam Yorke
2158895,Ahmed Abdel Fattah Othman
2117129,Spenser Cohen
2216077,Aleksandr Arkhipov
2129469,Dmitry Novoselov
2195952,Dana Canedy
2195953,John Burnham Schwartz
2026051,Harper Dill
2161532,Bobby Crosby
2212792,Nick May
2212667,Analeine Cal y Mayor
2212668,David Quantick
2216233,Justin Bull
1994577,Francis Ford Coppola
1994578,Mario Puzo
2007602,Reid Carolin
2208178,Brett Rodriguez
2113887,Howard Michael Gould
2196658,Anthony Grieco
2206202,Akihiro Nishino
1996515,Matt Reeves
2218621,Peter H. Saisselin
2141415,Elie Choufany
2119973,Alec Sokolow
2192200,Domee Shi
2101281,J.P. Davis
1997159,Chris Fedak
2204424,Laurits Munch-Petersen
2211438,Aaron Blabey
2115032,Mauro Borrelli
2216001,Scott Svatos
2216827,Le-Van Kiet
2006220,Kate DiCamillo
2211101,Ray Giarratana
2093631,Sai Madhav Burra
2086300,Madhan Karky
2209373,Camille Griffin
2066758,Anthony Hayes
2216713,Polly Smyth
2073550,Waleed Abu El Magd
1991121,Steve Kloves
2211083,Pat Casey
2222125,Dario Scardapane
2186852,Jef Geeraerts
2136232,Gosho Aoyama
2145041,Takahiro Ohkura
2224616,Emerson Moore
2063277,Michelle Ashford
2201978,Ben Macintyre
2146663,Scott Teems
2223818,Robert Taylor
2137233,Gilles de Maistre
2226872,Gege Akutami
2226873,Hiroshi Seko
2153083,Sjón Sigurdsson
2107137,Aleksi Hyvärinen
2107136,Taneli Mustonen
2131955,Kevin Etten
2062044,Tom Gormican
2224582,Jinder Ho
2224571,Melanie Toast
2079624,Laura Harrington
2068683,James Schamus
2163725,Lisa Hunter
2090040,Marc Frydman
2227751,Alex Morel
2199025,Richard Abate
2223209,Gigi Gaston
2082840,Riley Stearns
2120134,Michael Ryan
2218371,Volodymyr Zelenskyy
2127738,Ben Jagger
2207509,Kamon Nanami
2117876,Nick Saltrese
2216817,Dawn Bursteen
2216818,Ben Fiore
2224612,Dirk Ahner
2219556,Michael Ende
2148333,Daniel Adams
2148332,William Barber
2120715,Alan Schoolcraft
2224296,Silja Clemens
2068584,Ross Partridge
2016083,Jared Cohn
2079410,Wissam Sabry
2228170,Leon Langford
2228171,Collin Watts
1996223,Joe Russo
2075048,Alexandre Bustillo
2075047,Julien Maury
2016504,Jules Verne
2015776,Andrew Traucki
2182217,Rab Berry
2182219,Scott Mallace
2164080,Aleksey Chadov
2162790,Kôtarô Isaka
2162791,Zak Olkewicz
2151594,Anna Gutto
2230456,Jaime Primak Sullivan
1981108,Scott Mann
2175544,Ed Stone
2058826,Mel Brooks
2216839,Ken Cheng
2021854,Walid Khairy
2236033,Manuel Burque
2236037,Josep Gatell
2199292,Lucy Alibar
2222126,Delia Owens
2151518,Matt Hookings
2239448,Jonah Kuehner
2115740,Jessica M. Thompson
2234889,Mark Chappell
2100263,Hussain Dalal
2026093,Ayan Mukherjee
2234950,Daniel Pipski
2238629,Sean-Michael Argo
2239552,Safa Hashem
2113296,Katharine Lee McEwan
2153534,Byron Kavanagh
2121033,Karim Farouk
2137567,Petr Jákl
2137568,Marek Dobes
2228149,Ian Hayden
2234923,Parker Finn
2178599,Anthony Fabian
2192301,Carroll Cartwright
2119899,Gayatri
2240714,Manoj Muntashir
2010582,Gina Prince-Bythewood
1998002,Carey Van Dyke
2241392,Shawnee Gibbs
2165806,Ann Austen
2235164,Ahmed El Baili
2003026,W. Peter Iliff
2065527,Wallace Wolodarsky
2064770,Adam Sztykiel
2150600,Otto Binder
2167364,Samer Nasrallah
2230648,Will Davies
2230649,Bernard Waber
2098193,Robert Zappia
2179314,Matthew Eason
2190738,Robert Giardina
2241363,Van B. Nguyen
2014192,Zaid Abu Hamdan
2238729,Brooklyn El-Omar
2238730,Tsutomu Kuroiwa
2241378,Garret Shanley
2236020,Ben Conway
2151434,Seth Reiss
2151435,Will Tracy
2014856,William Peter Blatty
2126181,Bobby Moresco
2236038,Jake Crane
2236039,Adam Makos
1981346,Russell Crowe
2235799,Jodi Kantor
2059554,Rebecca Lenkiewicz
2086539,Pearry Reginald Teo
2224646,Lori Evans Taylor
2241282,Julien Fournet
2112358,Manuela Cacciamani
2241288,Francesca Forristal
2108392,Paul Fisher
2010177,Jon Foster
2114950,Reggie Keyohara
2249490,Robert Chandler
